utsa-adds-master-of-science-in-biomedical-technology-commercialization,https://ceid.utsa.edu/utsa-adds-master-of-science-in-biomedical-technology-commercialization/
2018-rising-star-award-in-urban-and-regional-planning-levar-martin,https://ceid.utsa.edu/2018-rising-star-award-in-urban-and-regional-planning-levar-martin/
2018-meritorious-global-influence-award-nikki-gledhill,https://ceid.utsa.edu/2018-meritorious-global-influence-award-nikki-gledhill/
2018-meritorious-achievement-award-joseph-benjamin,https://ceid.utsa.edu/2018-meritorious-achievement-award-joseph-benjamin/
ground-to-air-san-antonios-prosperity-depends-on-expanded-mobility,https://ceid.utsa.edu/ground-to-air-san-antonios-prosperity-depends-on-expanded-mobility/
2018-rising-star-award-in-architecture-casey-johnson,https://ceid.utsa.edu/2018-rising-star-award-in-architecture-casey-johnson/
2018-rising-star-award-in-architecture-charles-schneider,https://ceid.utsa.edu/2018-rising-star-award-in-architecture-charles-schneider/
2018-rising-star-award-in-interior-design-micaela-silva,https://ceid.utsa.edu/2018-rising-star-award-in-interior-design-micaela-silva/
2018-rising-star-award-in-construction-science-derek-sparling,https://ceid.utsa.edu/2018-rising-star-award-in-construction-science-derek-sparling/
utsa-cacp-2018-19-speaker-series-begins-oct-1-with-lecture-panel-by-post-carbon-cities-of-tomorrow,https://ceid.utsa.edu/utsa-cacp-2018-19-speaker-series-begins-oct-1-with-lecture-panel-by-post-carbon-cities-of-tomorrow/
ruby-city-sir-david-adjaye-documentary-series-on-october-10,https://ceid.utsa.edu/ruby-city-sir-david-adjaye-documentary-series-on-october-10/
utsa-cacp-2018-19-speaker-series-continues-november-5-with-andrew-john-wit,https://ceid.utsa.edu/utsa-cacp-2018-19-speaker-series-continues-november-5-with-andrew-john-wit/
world-town-planning-day-2018,https://ceid.utsa.edu/world-town-planning-day-2018/
2018-texas-student-biennial,https://ceid.utsa.edu/2018-texas-student-biennial/
art-exhibit-by-utsa-faculty-member-analy-diego-08-11-to-benefit-utsa-scholarships,https://ceid.utsa.edu/art-exhibit-by-utsa-faculty-member-analy-diego-08-11-to-benefit-utsa-scholarships/
professor-taeg-nishimoto-honored-with-utsa-innovation-award,https://ceid.utsa.edu/professor-taeg-nishimoto-honored-with-utsa-innovation-award/
utsa-construction-students-build-ramp-for-senior-citizen-in-need,https://ceid.utsa.edu/utsa-construction-students-build-ramp-for-senior-citizen-in-need/
dr-shelley-roff-receives-national-endowment-for-the-humanities-fellowship,https://ceid.utsa.edu/dr-shelley-roff-receives-national-endowment-for-the-humanities-fellowship/
class-project-challenges-utsa-students-to-design-a-mental-health-hospital,https://ceid.utsa.edu/class-project-challenges-utsa-students-to-design-a-mental-health-hospital/
ruby-city-a-lecture-with-sir-david-adjaye-obe-renowned,https://ceid.utsa.edu/ruby-city-a-lecture-with-sir-david-adjaye-obe-renowned/
utsa-cacp-graduate-recruitment-scholarships,https://ceid.utsa.edu/utsa-cacp-graduate-recruitment-scholarships/
utsa-department-of-architecture-2019-career-fair-on-february-7,https://ceid.utsa.edu/utsa-department-of-architecture-2019-career-fair-on-february-7/
new-stem-designation-for-utsas-master-of-architecture-and-master-of-science-in-architecture-program,https://ceid.utsa.edu/new-stem-designation-for-utsas-master-of-architecture-and-master-of-science-in-architecture-program/
csm-student-organization-chapters-january-22-meeting,https://ceid.utsa.edu/csm-student-organization-chapters-january-22-meeting/
construction-science-participates-in-utsa-involvement-fair,https://ceid.utsa.edu/construction-science-participates-in-utsa-involvement-fair/
utsa-department-of-architecture-spring-2019-friday-lecture-series,https://ceid.utsa.edu/utsa-department-of-architecture-spring-2019-friday-lecture-series/
utsa-department-of-architecture-hosts-architect-dan-rockhill-feb-7-as-keynote-speaker-of-career-fair,https://ceid.utsa.edu/utsa-department-of-architecture-hosts-architect-dan-rockhill-feb-7-as-keynote-speaker-of-career-fair/
utsa-cacp-2018-19-speaker-series-continues-april-15-with-joseph-wheeler-of-virginia-tech,https://ceid.utsa.edu/utsa-cacp-2018-19-speaker-series-continues-april-15-with-joseph-wheeler-of-virginia-tech/
dr-ibukun-awolusi-receives-best-poster-award-at-assoc-schools-of-construction-intl-conf,https://ceid.utsa.edu/dr-ibukun-awolusi-receives-best-poster-award-at-assoc-schools-of-construction-intl-conf/
utsa-department-of-architecture-open-house-may-3,https://ceid.utsa.edu/utsa-department-of-architecture-open-house-may-3/
utsa-urban-plannings-bill-barker-speaks-with-leadership-san-antonio,https://ceid.utsa.edu/utsa-urban-plannings-bill-barker-speaks-with-leadership-san-antonio/
ivan-ventura-honored-at-utsa-undergraduate-research-creative-inquiry-showcase,https://ceid.utsa.edu/ivan-ventura-honored-at-utsa-undergraduate-research-creative-inquiry-showcase/
utsa-urban-planning-students-attend-2019-national-planning-conference-in-san-francisco,https://ceid.utsa.edu/utsa-urban-planning-students-attend-2019-national-planning-conference-in-san-francisco/
dr-suat-gunhan-is-keynote-speaker-of-international-structural-engineering-construction-conference,https://ceid.utsa.edu/dr-suat-gunhan-is-keynote-speaker-of-international-structural-engineering-construction-conference/
2019-cacp-design-awards-construction-honor-awards-architecture-dept-open-house,https://ceid.utsa.edu/2019-cacp-design-awards-construction-honor-awards-architecture-dept-open-house/
utsa-tamu-construction-peer-exchange,https://ceid.utsa.edu/utsa-tamu-construction-peer-exchange/
utsa-architecture-student-team-receives-honorable-mention-in-national-lighting-design-competition,https://ceid.utsa.edu/utsa-architecture-student-team-receives-honorable-mention-in-national-lighting-design-competition/
dr-jae-yong-suk-receives-best-paper-award-at-2019-arcc-conference,https://ceid.utsa.edu/dr-jae-yong-suk-receives-best-paper-award-at-2019-arcc-conference/
construction-industry-plagued-by-labor-shortages-nationwide-including-in-san-antonio,https://ceid.utsa.edu/construction-industry-plagued-by-labor-shortages-nationwide-including-in-san-antonio/
studio-x-designs-builds-outdoor-classroom-in-collaboration-with-green-spaces-alliance-south-texas,https://ceid.utsa.edu/studio-x-designs-builds-outdoor-classroom-in-collaboration-with-green-spaces-alliance-south-texas/
dr-petrov-invited-to-serve-on-utsa-community-research-sustainable-partnerships-advocacy-taskforce,https://ceid.utsa.edu/dr-petrov-invited-to-serve-on-utsa-community-research-sustainable-partnerships-advocacy-taskforce/
utsa-to-research-environmental-comfort-at-the-san-antonio-missions,https://ceid.utsa.edu/utsa-to-research-environmental-comfort-at-the-san-antonio-missions/
utsa-construction-science-begins-transfer-partnership-with-st-philips,https://ceid.utsa.edu/utsa-construction-science-begins-transfer-partnership-with-st-philips/
american-concrete-institute-donates-equipment-to-utsas-construction-science-department,https://ceid.utsa.edu/american-concrete-institute-donates-equipment-to-utsas-construction-science-department/
utsa-architecture-students-win-three-awards-at-2019-ies-dallas-student-lighting-design-competition,https://ceid.utsa.edu/utsa-architecture-students-win-three-awards-at-2019-ies-dallas-student-lighting-design-competition/
faculty-spotlight-amir-karimi,https://ceid.utsa.edu/faculty-spotlight-amir-karimi/
staff-spotlight-mary-riedel,https://ceid.utsa.edu/staff-spotlight-mary-riedel/
new-employee-staci-francis,https://ceid.utsa.edu/new-employee-staci-francis/
new-employee-yanmin-gong,https://ceid.utsa.edu/new-employee-yanmin-gong/
new-employee-heidi-harwick,https://ceid.utsa.edu/new-employee-heidi-harwick/
new-employee-dhireesha-kudithipudi,https://ceid.utsa.edu/new-employee-dhireesha-kudithipudi/
new-employee-jeanette-oruc-de-leon,https://ceid.utsa.edu/new-employee-jeanette-oruc-de-leon/
new-employee-settimio-pacelli,https://ceid.utsa.edu/new-employee-settimio-pacelli/
cps-energy-supports-clean-energy-and-grid-cybersecurity-research-at-utsa,https://ceid.utsa.edu/cps-energy-supports-clean-energy-and-grid-cybersecurity-research-at-utsa/
utsa-to-host-grand-opening-of-large-scale-testing-laboratory,https://ceid.utsa.edu/utsa-to-host-grand-opening-of-large-scale-testing-laboratory/
three-utsa-civil-environmental-engineering-professors-appointed-to-aci-318-building-code-committee,https://ceid.utsa.edu/three-utsa-civil-environmental-engineering-professors-appointed-to-aci-318-building-code-committee/
staff-spotlight-ruben-arciniega,https://ceid.utsa.edu/staff-spotlight-ruben-arciniega/
faculty-spotlight-hugo-giambini,https://ceid.utsa.edu/faculty-spotlight-hugo-giambini/
new-employee-jerod-ryan,https://ceid.utsa.edu/new-employee-jerod-ryan/
chris-smith-of-zehnder-america-discusses-practices-to-improve-indoor-air-quality-oct-9,https://ceid.utsa.edu/chris-smith-of-zehnder-america-discusses-practices-to-improve-indoor-air-quality-oct-9/
first-utsa-students-invited-to-premier-nasa-competition,https://ceid.utsa.edu/first-utsa-students-invited-to-premier-nasa-competition/
utsa-cacp-2019-distinguished-alumni-awards,https://ceid.utsa.edu/utsa-cacp-2019-distinguished-alumni-awards/
faculty-spotlight-jeanette-oruc-de-leon,https://ceid.utsa.edu/faculty-spotlight-jeanette-oruc-de-leon/
staff-spotlight-tracy-cielencki,https://ceid.utsa.edu/staff-spotlight-tracy-cielencki/
utsa-cacp-speaker-series-nov-4-with-aaron-betsky-of-the-school-of-architecture-at-taliesin,https://ceid.utsa.edu/utsa-cacp-speaker-series-nov-4-with-aaron-betsky-of-the-school-of-architecture-at-taliesin/
utsa-cacp-speaker-series-continues-nov-11-with-kevin-alter-of-ut-austin,https://ceid.utsa.edu/utsa-cacp-speaker-series-continues-nov-11-with-kevin-alter-of-ut-austin/
fronteras-heritage-conservation-is-not-just-about-buildings-here-its-about-the-people,https://ceid.utsa.edu/fronteras-heritage-conservation-is-not-just-about-buildings-here-its-about-the-people/
engineering-students-to-display-innovations-at-tech-symposium,https://ceid.utsa.edu/engineering-students-to-display-innovations-at-tech-symposium/
sue-ann-pemberton-faia-named-an-outstanding-alumna-by-texas-am-college-of-architecture,https://ceid.utsa.edu/sue-ann-pemberton-faia-named-an-outstanding-alumna-by-texas-am-college-of-architecture/
architecture-alumna-azadeh-sagheb-lands-finalist-spot-for-prestigious-historic-preservation-award,https://ceid.utsa.edu/architecture-alumna-azadeh-sagheb-lands-finalist-spot-for-prestigious-historic-preservation-award/
utsa-architecture-students-andre-simon-ivan-ventura-win-aia-san-antonio-student-design-award,https://ceid.utsa.edu/utsa-architecture-students-andre-simon-ivan-ventura-win-aia-san-antonio-student-design-award/
advanced-robotics-to-host-first-sumobot-competition,https://ceid.utsa.edu/advanced-robotics-to-host-first-sumobot-competition/
program-prepares-students-for-future-careers-in-nuclear-security,https://ceid.utsa.edu/program-prepares-students-for-future-careers-in-nuclear-security/
utsa-engineering-students-build-interactive-exhibits-to-engage-children-at-the-doseum,https://ceid.utsa.edu/utsa-engineering-students-build-interactive-exhibits-to-engage-children-at-the-doseum/
darryl-ohlenbusch-presents-utsa-cacp-design-build-studio-work-in-bologna,https://ceid.utsa.edu/darryl-ohlenbusch-presents-utsa-cacp-design-build-studio-work-in-bologna/
infrared-paint-curing-system-takes-top-prize-at-tech-symposium,https://ceid.utsa.edu/infrared-paint-curing-system-takes-top-prize-at-tech-symposium/
bizios-named-a-fellow-of-the-national-academy-of-inventors,https://ceid.utsa.edu/bizios-named-a-fellow-of-the-national-academy-of-inventors/
researchers-nanodisk-could-restore-function-for-lou-gehrigs-disease-patients,https://ceid.utsa.edu/researchers-nanodisk-could-restore-function-for-lou-gehrigs-disease-patients/
staff-spotlight-monica-casanova,https://ceid.utsa.edu/staff-spotlight-monica-casanova/
faculty-spotlight-lyle-hood,https://ceid.utsa.edu/faculty-spotlight-lyle-hood/
new-employee-desmond-graham,https://ceid.utsa.edu/new-employee-desmond-graham/
new-employee-carlos-velez,https://ceid.utsa.edu/new-employee-carlos-velez/
adolfo-matamoros-honored-as-sei-fellow,https://ceid.utsa.edu/adolfo-matamoros-honored-as-sei-fellow/
following-a-passion-for-math-and-problem-solving-at-utsa,https://ceid.utsa.edu/following-a-passion-for-math-and-problem-solving-at-utsa/
staff-spotlight-marivel-guerrero,https://ceid.utsa.edu/staff-spotlight-marivel-guerrero/
anson-ong-elected-fellow-biomaterials-science-and-engineering,https://ceid.utsa.edu/anson-ong-elected-fellow-biomaterials-science-and-engineering/
faculty-spotlight-mehdi-shadaram,https://ceid.utsa.edu/faculty-spotlight-mehdi-shadaram/
celebrations-2,https://ceid.utsa.edu/celebrations-2/
utsa-cacps-dr-antonio-martinez-molina-named-a-certified-passive-house-designer,https://ceid.utsa.edu/utsa-cacps-dr-antonio-martinez-molina-named-a-certified-passive-house-designer/
utsa-cacps-dr-hazem-rashed-ali-named-to-aia-higher-education-advisory-team,https://ceid.utsa.edu/utsa-cacps-dr-hazem-rashed-ali-named-to-aia-higher-education-advisory-team/
researchers-collaborate-to-improve-urban-infrastructure-resilience,https://ceid.utsa.edu/researchers-collaborate-to-improve-urban-infrastructure-resilience/
faculty-spotlight-nehal-abu-lail,https://ceid.utsa.edu/faculty-spotlight-nehal-abu-lail/
celebrations-3,https://ceid.utsa.edu/celebrations-3/
melina-bautista-ph-d-presents-safe-drinking-water-supply-leveraging-the-drinking-water-microbiome-to-improve-monitoring-and-management,https://ceid.utsa.edu/melina-bautista-ph-d-presents-safe-drinking-water-supply-leveraging-the-drinking-water-microbiome-to-improve-monitoring-and-management/
staff-spotlight-jill-larson,https://ceid.utsa.edu/staff-spotlight-jill-larson/
a-new-50-year-vision-for-san-antonios-downtown,https://ceid.utsa.edu/a-new-50-year-vision-for-san-antonios-downtown/
combs-receives-usaf-grant-to-study-effects-of-hypersonic-shock-waves,https://ceid.utsa.edu/combs-receives-usaf-grant-to-study-effects-of-hypersonic-shock-waves/
engineering-to-host-nasa-expert-to-shed-light-on-mars,https://ceid.utsa.edu/engineering-to-host-nasa-expert-to-shed-light-on-mars/
csm-mock-interview-and-resume-builder-workshop,https://ceid.utsa.edu/csm-mock-interview-and-resume-builder-workshop/
college-of-engineering-welcomes-key-new-faculty-2,https://ceid.utsa.edu/college-of-engineering-welcomes-key-new-faculty-2/
national-academy-member-sergio-alcocer-joins-college-of-engineering,https://ceid.utsa.edu/national-academy-member-sergio-alcocer-joins-college-of-engineering/
utsa-civil-engineering-ranks-among-nations-most-affordable-programs,https://ceid.utsa.edu/utsa-civil-engineering-ranks-among-nations-most-affordable-programs/
utsa-cacp-speaker-series-march-2-with-alex-krieger-faia-of-the-harvard-gsd-and-nbbj,https://ceid.utsa.edu/utsa-cacp-speaker-series-march-2-with-alex-krieger-faia-of-the-harvard-gsd-and-nbbj/
faculty-spotlight-christopher-rathbone,https://ceid.utsa.edu/faculty-spotlight-christopher-rathbone/
staff-spotlight-maria-alvarez,https://ceid.utsa.edu/staff-spotlight-maria-alvarez/
new-employee-henry-griffith,https://ceid.utsa.edu/new-employee-henry-griffith/
2020-eweek-lab-exhibit-winner,https://ceid.utsa.edu/2020-eweek-lab-exhibit-winner/
bizios-elected-to-the-prestigious-academy-of-athens,https://ceid.utsa.edu/bizios-elected-to-the-prestigious-academy-of-athens/
guido-construction-city-of-san-antonio-educating-future-leaders-of-the-construction-industry,https://ceid.utsa.edu/guido-construction-city-of-san-antonio-educating-future-leaders-of-the-construction-industry/
engineering-team-takes-first-in-steel-bridge-competition,https://ceid.utsa.edu/engineering-team-takes-first-in-steel-bridge-competition/
faculty-spotlight-yufei-huang,https://ceid.utsa.edu/faculty-spotlight-yufei-huang/
staff-spotlight-carlos-velez,https://ceid.utsa.edu/staff-spotlight-carlos-velez/
two-honors-college-juniors-receive-prestigious-goldwater-scholarship,https://ceid.utsa.edu/two-honors-college-juniors-receive-prestigious-goldwater-scholarship/
utsa-cacps-david-matiella-sue-ann-pemberton-each-receive-university-excellence-award,https://ceid.utsa.edu/utsa-cacps-david-matiella-sue-ann-pemberton-each-receive-university-excellence-award/
utsa-coes-eugene-john-and-xiaodu-wang-each-receive-university-excellence-awards,https://ceid.utsa.edu/utsa-coes-eugene-john-and-xiaodu-wang-each-receive-university-excellence-awards/
engineering-student-shine-at-the-university-life-awards,https://ceid.utsa.edu/engineering-student-shine-at-the-university-life-awards/
utsa-cacp-alumni-brian-korte-94-bfa-arch-elevated-to-the-2020-aia-college-of-fellows,https://ceid.utsa.edu/utsa-cacp-alumni-brian-korte-94-bfa-arch-elevated-to-the-2020-aia-college-of-fellows/
utsa-urban-planning-student-association-wins-national-award,https://ceid.utsa.edu/utsa-urban-planning-student-association-wins-national-award/
faculty-spotlight-manuel-diaz,https://ceid.utsa.edu/faculty-spotlight-manuel-diaz/
staff-spotlight-amy-ossola-phillips,https://ceid.utsa.edu/staff-spotlight-amy-ossola-phillips/
apwa-south-central-branch-james-bader-scholarship,https://ceid.utsa.edu/apwa-south-central-branch-james-bader-scholarship/
knowledge-enterprise-awards-funding-for-transdisciplinary-research,https://ceid.utsa.edu/knowledge-enterprise-awards-funding-for-transdisciplinary-research/
for-covid-19-patients-engineering-researchers-develop-a-better-way-to-vent,https://ceid.utsa.edu/for-covid-19-patients-engineering-researchers-develop-a-better-way-to-vent/
2020-utsa-department-of-architecture-design-awards,https://ceid.utsa.edu/2020-utsa-department-of-architecture-design-awards/
five-roadrunner-scholars-honored-with-nsf-fellowships,https://ceid.utsa.edu/five-roadrunner-scholars-honored-with-nsf-fellowships/
utsa-mechanical-engineers-adapt-labs-for-a-new-world,https://ceid.utsa.edu/utsa-mechanical-engineers-adapt-labs-for-a-new-world/
staff-spotlight-ben-campos,https://ceid.utsa.edu/staff-spotlight-ben-campos/
faculty-spotlight-drew-johnson,https://ceid.utsa.edu/faculty-spotlight-drew-johnson/
roadrunners-you-should-know-student-demonstrating-leadership-during-first-year-at-utsa,https://ceid.utsa.edu/roadrunners-you-should-know-student-demonstrating-leadership-during-first-year-at-utsa/
dual-degree-programs-in-architecture-urban-planning-slated-for-fall,https://ceid.utsa.edu/dual-degree-programs-in-architecture-urban-planning-slated-for-fall/
equity-advocacy-initiative,https://ceid.utsa.edu/equity-advocacy-initiative/
nasa-looks-to-utsa-to-help-expand-field-of-stem-researchers,https://ceid.utsa.edu/nasa-looks-to-utsa-to-help-expand-field-of-stem-researchers/
landreth-memorial,https://ceid.utsa.edu/landreth-memorial/
open-position-at-utsa-assistant-associate-professor-in-data-science-and-human-performance,https://ceid.utsa.edu/open-position-at-utsa-assistant-associate-professor-in-data-science-and-human-performance/
tuesday-april-20-2021-join-the-virtual-awards-ceremony-for-the-dee-howard-foundation-and-utsa-art-contest,https://ceid.utsa.edu/tuesday-april-20-2021-join-the-virtual-awards-ceremony-for-the-dee-howard-foundation-and-utsa-art-contest/
temporary-suspension-of-gre-and-gmat-scores-as-admissions-criteria,https://ceid.utsa.edu/temporary-suspension-of-gre-and-gmat-scores-as-admissions-criteria/
save-the-date-utsa-tech-symposium-2021-virtual-showcase-on-friday-april-30,https://ceid.utsa.edu/save-the-date-utsa-tech-symposium-2021-virtual-showcase-on-friday-april-30/
engineering-students-place-second-in-bridge-construction-competition-5,https://ceid.utsa.edu/engineering-students-place-second-in-bridge-construction-competition-5/
tech-symposium-highlights-student-innovation,https://ceid.utsa.edu/tech-symposium-highlights-student-innovation/
utsas-national-society-of-black-engineers-chapter-receives-national-award,https://ceid.utsa.edu/utsas-national-society-of-black-engineers-chapter-receives-national-award/
engineering-alumnus-secures-25000-investment,https://ceid.utsa.edu/engineering-alumnus-secures-25000-investment/
cacp-celebrates-student-achievements-at-commencement,https://ceid.utsa.edu/cacp-celebrates-student-achievements-at-commencement/
college-of-engineering-celebrates-student-achievements-at-commencement-2,https://ceid.utsa.edu/college-of-engineering-celebrates-student-achievements-at-commencement-2/
utsa-introduces-the-college-of-engineering-and-integrated-design,https://ceid.utsa.edu/utsa-introduces-the-college-of-engineering-and-integrated-design/
utsa-grads-prepare-to-tackle-engineering-challenges-of-the-future,https://ceid.utsa.edu/utsa-grads-prepare-to-tackle-engineering-challenges-of-the-future/
roadrunners-learn-valuable-lessons-through-renowned-international-rocket-event,https://ceid.utsa.edu/roadrunners-learn-valuable-lessons-through-renowned-international-rocket-event/
utsa-swri-engineers-to-create-computer-model-of-inner-heart-structures,https://ceid.utsa.edu/utsa-swri-engineers-to-create-computer-model-of-inner-heart-structures/
engineers-at-utsa-swri-work-on-novel-process-to-produce-low-carbon-fuels,https://ceid.utsa.edu/engineers-at-utsa-swri-work-on-novel-process-to-produce-low-carbon-fuels/
16260-2,https://ceid.utsa.edu/16260-2/
advances-in-bridge-evaluation-using-digital-image-correlation-dic-american-society-of-civil-engineers,https://ceid.utsa.edu/advances-in-bridge-evaluation-using-digital-image-correlation-dic-american-society-of-civil-engineers/
ceid-faculty-promotions-announced,https://ceid.utsa.edu/ceid-faculty-promotions-announced/
utsa-professor-helps-make-breakthrough-achievement-in-quantum-computing,https://ceid.utsa.edu/utsa-professor-helps-make-breakthrough-achievement-in-quantum-computing/
blinn-engineering-students-have-seamless-transfer-pathway-to-utsa,https://ceid.utsa.edu/blinn-engineering-students-have-seamless-transfer-pathway-to-utsa/
architecture-planning-speaker-series-examines-the-us-mexico-border-region,https://ceid.utsa.edu/architecture-planning-speaker-series-examines-the-us-mexico-border-region/
dr-guenevere-chen-secures-grant-for-protecting-national-critical-infrastructure,https://ceid.utsa.edu/dr-guenevere-chen-secures-grant-for-protecting-national-critical-infrastructure/
ceid-alum-wins-design-contest,https://ceid.utsa.edu/ceid-alum-wins-design-contest/
dr-christopher-combs-to-lead-research-into-hypersonic-separation-events,https://ceid.utsa.edu/dr-christopher-combs-to-lead-research-into-hypersonic-separation-events/
ceid-alum-leads-efforts-to-revitalize-natural-spaces,https://ceid.utsa.edu/ceid-alum-leads-efforts-to-revitalize-natural-spaces/
ceid-invests-in-the-future-of-engineering-education,https://ceid.utsa.edu/ceid-invests-in-the-future-of-engineering-education/
dr-john-murphy-recognized-as-outstanding-aggie-alumni,https://ceid.utsa.edu/dr-john-murphy-recognized-as-outstanding-aggie-alumni/
utsa-research-helps-football-coaches-evaluate-concussion-risk-in-real-time,https://ceid.utsa.edu/utsa-research-helps-football-coaches-evaluate-concussion-risk-in-real-time/
ceid-students-conduct-testing-of-self-made-biomedical-devices-in-cadaver-lab,https://ceid.utsa.edu/ceid-students-conduct-testing-of-self-made-biomedical-devices-in-cadaver-lab/
tech-symposium-offers-impressive-displays-of-utsa-student-ingenuity,https://ceid.utsa.edu/tech-symposium-offers-impressive-displays-of-utsa-student-ingenuity/
ceid-doctoral-candidate-recognized-for-international-award,https://ceid.utsa.edu/ceid-doctoral-candidate-recognized-for-international-award/
father-of-five-juggles-family-and-research-to-earn-masters-degree,https://ceid.utsa.edu/father-of-five-juggles-family-and-research-to-earn-masters-degree/
utsa-students-create-largest-interdisciplinary-project-to-date-with-covid-related-showcase,https://ceid.utsa.edu/utsa-students-create-largest-interdisciplinary-project-to-date-with-covid-related-showcase/
utsas-ong-elected-as-fellow-of-the-national-academy-of-inventors,https://ceid.utsa.edu/utsas-ong-elected-as-fellow-of-the-national-academy-of-inventors/
utsa-college-of-engineering-and-integrated-design-to-be-named-after-margie-and-bill-klesse-in-honor-of-20-million-gift-and-years-of-support,https://ceid.utsa.edu/utsa-college-of-engineering-and-integrated-design-to-be-named-after-margie-and-bill-klesse-in-honor-of-20-million-gift-and-years-of-support/
klesse-college-unveils-gift-from-the-dee-howard-foundation,https://ceid.utsa.edu/klesse-college-unveils-gift-from-the-dee-howard-foundation/
new-director-for-prep-affirms-utsas-commitment-to-be-a-hispanic-thriving-institution,https://ceid.utsa.edu/new-director-for-prep-affirms-utsas-commitment-to-be-a-hispanic-thriving-institution/
utsa-architecture-students-committed-to-designing-homes-for-people-with-disabilities,https://ceid.utsa.edu/utsa-architecture-students-committed-to-designing-homes-for-people-with-disabilities/
klesse-college-celebrates-students-achievements,https://ceid.utsa.edu/klesse-college-celebrates-students-achievements/
klesse-college-graduate-student-receives-prestigious-fellowship,https://ceid.utsa.edu/klesse-college-graduate-student-receives-prestigious-fellowship/
klesse-college-students-designing-tiny-homes-for-disabled-veterans,https://ceid.utsa.edu/klesse-college-students-designing-tiny-homes-for-disabled-veterans/
dr-ibukun-awolusi-awarded-don-b-daily-safety-grant-for-the-second-consecutive-year,https://ceid.utsa.edu/dr-ibukun-awolusi-awarded-don-b-daily-safety-grant-for-the-second-consecutive-year/
brendy-rincon-troconis-recognized-with-early-career-research-fellowship,https://ceid.utsa.edu/brendy-rincon-troconis-recognized-with-early-career-research-fellowship/
utsa-community-engagement-project-highlights-the-impact-of-climate-change,https://ceid.utsa.edu/utsa-community-engagement-project-highlights-the-impact-of-climate-change/
utsa-klesse-scholar-hopes-to-change-the-future-of-carbon-emissions,https://ceid.utsa.edu/utsa-klesse-scholar-hopes-to-change-the-future-of-carbon-emissions/
in-memoriam-of-g-v-s-raju-ph-d,https://ceid.utsa.edu/in-memoriam-of-g-v-s-raju-ph-d/
klesse-college-announces-leadership-appointments,https://ceid.utsa.edu/klesse-college-announces-leadership-appointments/
eugene-john-elected-senior-member-of-the-national-academy-of-inventors,https://ceid.utsa.edu/eugene-john-elected-senior-member-of-the-national-academy-of-inventors/
rena-bizios-elected-to-national-academy-of-engineering,https://ceid.utsa.edu/rena-bizios-elected-to-national-academy-of-engineering/
the-kaneka-foundation-scholarship,https://ceid.utsa.edu/the-kaneka-foundation-scholarship/
klesse-college-hosts-biomedical-device-make-a-thon,https://ceid.utsa.edu/klesse-college-hosts-biomedical-device-make-a-thon/
utsa-professors-using-dod-grant-to-improve-custom-made-metal-production,https://ceid.utsa.edu/utsa-professors-using-dod-grant-to-improve-custom-made-metal-production/
klesse-colleges-focus-on-career-pathways-for-historically-marginalized-students-sees-early-success,https://ceid.utsa.edu/klesse-colleges-focus-on-career-pathways-for-historically-marginalized-students-sees-early-success/
event-highlights-utsa-student-research-supporting-nasa-initiatives,https://ceid.utsa.edu/event-highlights-utsa-student-research-supporting-nasa-initiatives/
klesse-college-announces-tspe-scholarship,https://ceid.utsa.edu/klesse-college-announces-tspe-scholarship/
17513-2,https://ceid.utsa.edu/17513-2/
greg-griffin-discusses-proposed-airport-tunnel-with-san-antonio-express-news,https://ceid.utsa.edu/greg-griffin-discusses-proposed-airport-tunnel-with-san-antonio-express-news/
mechanical-engineering-research-team-identifies-methods-to-predict-future-cyberattacks,https://ceid.utsa.edu/mechanical-engineering-research-team-identifies-methods-to-predict-future-cyberattacks/
hypersonics-lab-at-utsa-preparing-students-for-in-demand-jobs-in-aerospace-industry,https://ceid.utsa.edu/hypersonics-lab-at-utsa-preparing-students-for-in-demand-jobs-in-aerospace-industry/
17553-2,https://ceid.utsa.edu/17553-2/
utsas-prep-prepares-to-welcome-local-students-for-engineering-programming,https://ceid.utsa.edu/utsas-prep-prepares-to-welcome-local-students-for-engineering-programming/
utsas-engineers-without-borders-organization-developing-a-water-distribution-system-for-guatemalan-town,https://ceid.utsa.edu/utsas-engineers-without-borders-organization-developing-a-water-distribution-system-for-guatemalan-town/
utsa-researchers-develop-models-designed-to-improve-success-of-water-rescues,https://ceid.utsa.edu/utsa-researchers-develop-models-designed-to-improve-success-of-water-rescues/
how-a-utsa-grad-went-from-flunking-out-to-designing-a-lower-cost-robotic-prosthetic-hand,https://ceid.utsa.edu/how-a-utsa-grad-went-from-flunking-out-to-designing-a-lower-cost-robotic-prosthetic-hand/
17586-2,https://ceid.utsa.edu/17586-2/
utsa-engineering-students-partner-with-local-organizations-to-solve-challenges,https://ceid.utsa.edu/utsa-engineering-students-partner-with-local-organizations-to-solve-challenges/
17597-2,https://ceid.utsa.edu/17597-2/
utsa-students-develop-project-to-tackle-homelessness,https://ceid.utsa.edu/utsa-students-develop-project-to-tackle-homelessness/
klesse-colleges-akopian-and-hood-recognized-as-innovators,https://ceid.utsa.edu/klesse-colleges-akopian-and-hood-recognized-as-innovators/
klesse-college-continues-to-build-reputation-in-corrosion-research,https://ceid.utsa.edu/klesse-college-continues-to-build-reputation-in-corrosion-research/
student-entrepreneurs-win-support-experience-to-take-their-tech-ventures-to-the-next-level,https://ceid.utsa.edu/student-entrepreneurs-win-support-experience-to-take-their-tech-ventures-to-the-next-level/
klesse-college-ph-d-student-receives-prestigious-nasa-award,https://ceid.utsa.edu/klesse-college-ph-d-student-receives-prestigious-nasa-award/
campus-involvement-research-opportunities-spur-daveedth-maciass-journey,https://ceid.utsa.edu/campus-involvement-research-opportunities-spur-daveedth-maciass-journey/
klesse-college-recognizes-impact-of-donors,https://ceid.utsa.edu/klesse-college-recognizes-impact-of-donors/
17650-2,https://ceid.utsa.edu/17650-2/
klesse-colleges-rathbone-receives-national-science-foundations-career-award,https://ceid.utsa.edu/klesse-colleges-rathbone-receives-national-science-foundations-career-award/
rena-bizios-elected-to-american-academy-of-arts-and-sciences,https://ceid.utsa.edu/rena-bizios-elected-to-american-academy-of-arts-and-sciences/
grad-isabella-cano-taps-internships-to-build-biomed-career,https://ceid.utsa.edu/grad-isabella-cano-taps-internships-to-build-biomed-career/
klesse-college-celebrates-spring-2022-graduates,https://ceid.utsa.edu/klesse-college-celebrates-spring-2022-graduates/
utsa-professor-recognized-as-leader-in-environmental-engineering,https://ceid.utsa.edu/utsa-professor-recognized-as-leader-in-environmental-engineering/